Date,High,Low,Adj_Close,Change
2017-07-10,1419.300048828125,1403.699951171875,1408.699951171875,0.0
2017-07-11,1414.0999755859375,1400.0,1413.0999755859375,0.31
2017-07-12,1432.800048828125,1411.5999755859375,1422.5999755859375,0.67
2017-07-13,1426.0,1413.800048828125,1425.800048828125,0.22
2017-07-14,1433.300048828125,1420.800048828125,1428.5999755859375,0.2
2017-07-17,1434.5999755859375,1422.4000244140625,1430.9000244140625,0.16
2017-07-18,1431.800048828125,1420.300048828125,1426.800048828125,-0.29
2017-07-19,1443.0,1425.0999755859375,1442.199951171875,1.08
2017-07-20,1445.5,1438.5,1441.9000244140625,-0.02
2017-07-21,1444.5,1432.300048828125,1435.4000244140625,-0.45
2017-07-24,1438.0,1427.9000244140625,1436.4000244140625,0.07
2017-07-25,1452.300048828125,1435.5,1450.0999755859375,0.95
2017-07-26,1452.199951171875,1439.800048828125,1441.300048828125,-0.61
2017-07-27,1447.0,1424.699951171875,1431.199951171875,-0.7
2017-07-28,1432.9000244140625,1424.0999755859375,1430.0,-0.08
2017-07-31,1433.4000244140625,1419.0999755859375,1424.699951171875,-0.37
2017-08-01,1432.0999755859375,1419.0999755859375,1428.0,0.23
2017-08-02,1429.300048828125,1406.300048828125,1411.9000244140625,-1.13
2017-08-03,1414.300048828125,1400.5,1405.0,-0.49
2017-08-04,1412.0999755859375,1403.199951171875,1411.199951171875,0.44
2017-08-07,1417.699951171875,1406.199951171875,1413.9000244140625,0.19
2017-08-08,1426.800048828125,1405.800048828125,1409.4000244140625,-0.32
2017-08-09,1409.5,1391.4000244140625,1397.199951171875,-0.87
2017-08-10,1398.800048828125,1366.5999755859375,1370.0999755859375,-1.94
2017-08-11,1375.800048828125,1364.0999755859375,1372.300048828125,0.16
2017-08-14,1395.0,1371.9000244140625,1393.4000244140625,1.54
2017-08-15,1400.300048828125,1381.4000244140625,1381.699951171875,-0.84
2017-08-16,1392.0999755859375,1380.0999755859375,1382.5999755859375,0.07
2017-08-17,1385.199951171875,1351.5,1354.5,-2.03
2017-08-18,1362.0,1348.699951171875,1357.0999755859375,0.19
2017-08-21,1360.9000244140625,1348.800048828125,1355.4000244140625,-0.13
2017-08-22,1372.199951171875,1355.5,1370.800048828125,1.14
2017-08-23,1373.300048828125,1359.4000244140625,1367.199951171875,-0.26
2017-08-24,1377.0999755859375,1363.800048828125,1373.4000244140625,0.45
2017-08-25,1380.699951171875,1369.9000244140625,1375.5999755859375,0.16
2017-08-28,1383.800048828125,1372.4000244140625,1381.800048828125,0.45
2017-08-29,1386.0,1368.5,1382.699951171875,0.07
2017-08-30,1392.800048828125,1378.9000244140625,1390.800048828125,0.59
2017-08-31,1407.199951171875,1389.300048828125,1405.0,1.02
2017-09-01,1414.5,1403.5,1411.699951171875,0.48
2017-09-05,1419.9000244140625,1393.5,1401.199951171875,-0.74
2017-09-06,1407.800048828125,1397.9000244140625,1401.5999755859375,0.03
2017-09-07,1404.5999755859375,1393.300048828125,1398.5,-0.22
2017-09-08,1405.800048828125,1393.4000244140625,1403.5,0.36
2017-09-11,1417.199951171875,1401.5,1416.5999755859375,0.93
2017-09-12,1424.800048828125,1415.699951171875,1423.5999755859375,0.49
2017-09-13,1430.0,1420.699951171875,1427.199951171875,0.25
2017-09-14,1429.199951171875,1422.0,1427.300048828125,0.01
2017-09-15,1427.02001953125,1421.5999755859375,1427.02001953125,-0.02
2017-09-18,1445.199951171875,1431.5999755859375,1442.199951171875,1.06
2017-09-19,1444.5,1437.800048828125,1441.5999755859375,-0.04
2017-09-20,1447.9000244140625,1439.5999755859375,1447.0999755859375,0.38
2017-09-21,1449.800048828125,1441.9000244140625,1445.4000244140625,-0.12
2017-09-22,1456.0,1438.5999755859375,1450.9000244140625,0.38
2017-09-25,1456.5,1444.0,1453.699951171875,0.19
2017-09-26,1462.0999755859375,1451.0,1457.9000244140625,0.29
2017-09-27,1489.800048828125,1457.0999755859375,1487.9000244140625,2.06
2017-09-28,1492.800048828125,1478.699951171875,1492.5999755859375,0.32
2017-09-29,1495.300048828125,1488.5,1492.9000244140625,0.02
2017-10-02,1513.5,1491.5999755859375,1512.5,1.31
2017-10-03,1516.199951171875,1504.4000244140625,1515.5999755859375,0.2
2017-10-04,1517.4000244140625,1505.0,1511.4000244140625,-0.28
2017-10-05,1517.4000244140625,1508.5,1515.5,0.27
2017-10-06,1515.0,1506.5999755859375,1511.5999755859375,-0.26
2017-10-09,1518.0,1502.800048828125,1507.5999755859375,-0.26
2017-10-10,1514.0,1505.300048828125,1510.0,0.16
2017-10-11,1513.199951171875,1505.699951171875,1507.800048828125,-0.15
2017-10-12,1511.199951171875,1501.0999755859375,1507.800048828125,0.0
2017-10-13,1511.800048828125,1503.0,1506.300048828125,-0.1
2017-10-16,1514.4000244140625,1501.199951171875,1505.4000244140625,-0.06
2017-10-17,1508.699951171875,1495.800048828125,1499.4000244140625,-0.4
2017-10-18,1510.300048828125,1499.0,1506.4000244140625,0.47
2017-10-19,1507.4000244140625,1491.9000244140625,1502.9000244140625,-0.23
2017-10-20,1514.0999755859375,1502.5999755859375,1510.300048828125,0.49
2017-10-23,1513.0999755859375,1496.300048828125,1497.699951171875,-0.83
2017-10-24,1508.0,1496.5999755859375,1501.4000244140625,0.25
2017-10-25,1500.5,1481.9000244140625,1498.0,-0.23
2017-10-26,1503.4000244140625,1494.5999755859375,1499.5999755859375,0.11
2017-10-27,1509.199951171875,1492.5,1508.0,0.56
2017-10-30,1508.800048828125,1483.0999755859375,1493.0999755859375,-0.99
2017-10-31,1508.0,1490.4000244140625,1502.699951171875,0.64
2017-11-01,1516.300048828125,1483.5,1491.9000244140625,-0.72
2017-11-02,1501.5999755859375,1482.199951171875,1496.0999755859375,0.28
2017-11-03,1498.699951171875,1489.5,1494.800048828125,-0.09
2017-11-06,1503.0,1489.199951171875,1497.0,0.15
2017-11-07,1500.5999755859375,1474.0,1477.300048828125,-1.32
2017-11-08,1483.0999755859375,1467.0,1482.5,0.35
2017-11-09,1485.300048828125,1461.4000244140625,1477.5,-0.34
2017-11-10,1479.9000244140625,1470.300048828125,1474.199951171875,-0.22
2017-11-13,1477.5,1463.199951171875,1473.5999755859375,-0.04
2017-11-14,1474.5,1464.300048828125,1470.5,-0.21
2017-11-15,1470.699951171875,1453.0,1463.800048828125,-0.46
2017-11-16,1492.5999755859375,1462.0999755859375,1486.0,1.52
2017-11-17,1498.9000244140625,1480.199951171875,1492.9000244140625,0.46
2017-11-20,1504.5,1486.300048828125,1504.0999755859375,0.75
2017-11-21,1521.5,1501.800048828125,1518.800048828125,0.98
2017-11-22,1526.4000244140625,1514.0,1516.5999755859375,-0.14
2017-11-24,1524.5,1510.300048828125,1518.5,0.13
2017-11-27,1524.5999755859375,1512.5999755859375,1513.300048828125,-0.34
2017-11-28,1538.199951171875,1511.5,1536.300048828125,1.52
2017-11-29,1550.699951171875,1534.5,1541.199951171875,0.32
2017-11-30,1554.0999755859375,1538.800048828125,1545.4000244140625,0.27
2017-12-01,1545.9000244140625,1494.800048828125,1537.5999755859375,-0.5
2017-12-04,1562.0,1528.9000244140625,1531.0999755859375,-0.42
2017-12-05,1539.300048828125,1515.0999755859375,1516.4000244140625,-0.96
2017-12-06,1519.5999755859375,1506.5999755859375,1508.0999755859375,-0.55
2017-12-07,1526.0999755859375,1507.0999755859375,1520.9000244140625,0.85
2017-12-08,1529.699951171875,1519.800048828125,1521.0999755859375,0.01
2017-12-11,1528.199951171875,1517.0999755859375,1522.199951171875,0.07
2017-12-12,1526.300048828125,1515.0999755859375,1516.300048828125,-0.39
2017-12-13,1534.300048828125,1509.699951171875,1525.800048828125,0.63
2017-12-14,1528.699951171875,1502.9000244140625,1508.699951171875,-1.12
2017-12-15,1517.199951171875,1507.0,1510.219970703125,0.1
2017-12-18,1557.0,1535.5,1551.0999755859375,2.71
2017-12-19,1556.800048828125,1536.0999755859375,1538.5,-0.81
2017-12-20,1548.800048828125,1537.5,1539.800048828125,0.08
2017-12-21,1555.5999755859375,1539.0999755859375,1550.199951171875,0.68
2017-12-22,1553.699951171875,1542.9000244140625,1543.699951171875,-0.42
2017-12-26,1550.199951171875,1542.800048828125,1547.5,0.25
2017-12-27,1554.0,1540.9000244140625,1545.5,-0.13
2017-12-28,1550.300048828125,1542.800048828125,1549.5999755859375,0.27
2017-12-29,1557.0,1529.5,1536.5,-0.85
2018-01-02,1553.199951171875,1533.5,1548.800048828125,0.8
2018-01-03,1557.699951171875,1547.800048828125,1555.5,0.43
2018-01-04,1564.0,1552.800048828125,1557.0,0.1
2018-01-05,1562.5999755859375,1551.5999755859375,1561.9000244140625,0.31
2018-01-08,1565.9000244140625,1546.800048828125,1562.4000244140625,0.03
2018-01-09,1567.5,1558.699951171875,1560.699951171875,-0.11
2018-01-10,1563.9000244140625,1548.5,1561.9000244140625,0.08
2018-01-11,1589.699951171875,1559.0999755859375,1587.9000244140625,1.66
2018-01-12,1602.199951171875,1585.199951171875,1596.0999755859375,0.52
2018-01-16,1607.199951171875,1570.699951171875,1577.199951171875,-1.18
2018-01-17,1593.4000244140625,1575.699951171875,1589.0,0.75
2018-01-18,1592.0,1574.4000244140625,1575.0,-0.88
2018-01-19,1601.5999755859375,1572.5,1599.0,1.52
2018-01-22,1608.9000244140625,1591.0,1607.0,0.5
2018-01-23,1616.300048828125,1599.800048828125,1613.0999755859375,0.38
2018-01-24,1619.199951171875,1596.5,1601.0999755859375,-0.74
2018-01-25,1612.4000244140625,1594.5999755859375,1604.4000244140625,0.21
2018-01-26,1610.0,1600.0999755859375,1609.5999755859375,0.32
2018-01-29,1612.9000244140625,1596.9000244140625,1597.800048828125,-0.73
2018-01-30,1601.5,1579.5999755859375,1586.800048828125,-0.69
2018-01-31,1596.699951171875,1570.800048828125,1576.0,-0.68
2018-02-01,1584.800048828125,1565.5,1582.5999755859375,0.42
2018-02-02,1585.800048828125,1542.199951171875,1544.199951171875,-2.43
2018-02-05,1548.5,1447.300048828125,1459.300048828125,-5.5
2018-02-06,1513.5999755859375,1415.0999755859375,1507.4000244140625,3.3
2018-02-07,1517.9000244140625,1487.5,1497.5999755859375,-0.65
2018-02-08,1512.0,1461.699951171875,1463.800048828125,-2.26
2018-02-09,1489.300048828125,1433.800048828125,1476.699951171875,0.88
2018-02-12,1498.5,1463.5999755859375,1492.300048828125,1.06
2018-02-13,1497.800048828125,1475.9000244140625,1496.199951171875,0.26
2018-02-14,1524.699951171875,1470.0,1520.699951171875,1.64
2018-02-15,1542.5999755859375,1514.9000244140625,1540.9000244140625,1.33
2018-02-16,1552.5999755859375,1533.9000244140625,1544.199951171875,0.21
2018-02-20,1551.0,1526.0,1530.5999755859375,-0.88
2018-02-21,1557.5999755859375,1524.0999755859375,1528.199951171875,-0.16
2018-02-22,1549.699951171875,1517.0,1536.4000244140625,0.54
2018-02-23,1551.800048828125,1530.5,1551.199951171875,0.96
2018-02-26,1563.5,1543.300048828125,1561.699951171875,0.68
2018-02-27,1567.9000244140625,1535.0999755859375,1538.300048828125,-1.5
2018-02-28,1544.800048828125,1508.0999755859375,1511.199951171875,-1.76
2018-03-01,1523.9000244140625,1491.699951171875,1505.4000244140625,-0.38
2018-03-02,1535.9000244140625,1490.4000244140625,1530.4000244140625,1.66
2018-03-05,1550.800048828125,1514.800048828125,1543.5999755859375,0.86
2018-03-06,1562.5999755859375,1536.0,1559.0999755859375,1.0
2018-03-07,1578.0999755859375,1538.0,1573.4000244140625,0.92
2018-03-08,1582.9000244140625,1563.0,1573.699951171875,0.02
2018-03-09,1598.5,1570.0,1597.300048828125,1.5
2018-03-12,1606.699951171875,1593.199951171875,1601.9000244140625,0.29
2018-03-13,1611.9000244140625,1590.0999755859375,1597.699951171875,-0.26
2018-03-14,1604.9000244140625,1582.5,1584.800048828125,-0.81
2018-03-15,1589.800048828125,1572.0,1579.0999755859375,-0.36
2018-03-16,1589.0999755859375,1576.0,1576.8199462890625,-0.14
2018-03-19,1591.199951171875,1555.0999755859375,1577.5999755859375,0.05
2018-03-20,1582.300048828125,1568.5999755859375,1576.699951171875,-0.06
2018-03-21,1594.199951171875,1570.9000244140625,1584.0999755859375,0.47
2018-03-22,1589.800048828125,1542.4000244140625,1543.9000244140625,-2.54
2018-03-23,1555.199951171875,1513.0999755859375,1518.4000244140625,-1.65
2018-03-26,1547.0,1516.199951171875,1546.0,1.82
2018-03-27,1557.5,1509.4000244140625,1518.699951171875,-1.77
2018-03-28,1526.800048828125,1506.199951171875,1517.4000244140625,-0.09
2018-03-29,1543.5999755859375,1514.5,1531.199951171875,0.91
2018-04-02,1532.699951171875,1482.5,1491.699951171875,-2.58
2018-04-03,1517.5,1492.800048828125,1513.699951171875,1.47
2018-04-04,1537.4000244140625,1484.4000244140625,1534.9000244140625,1.4
2018-04-05,1547.5999755859375,1532.300048828125,1543.699951171875,0.57
2018-04-06,1547.0999755859375,1502.300048828125,1515.4000244140625,-1.83
2018-04-09,1537.5,1513.5,1519.5,0.27
2018-04-10,1551.5,1514.199951171875,1545.5,1.71
2018-04-11,1554.800048828125,1530.300048828125,1548.5999755859375,0.2
2018-04-12,1565.5999755859375,1548.800048828125,1559.300048828125,0.69
2018-04-13,1564.699951171875,1546.5,1552.800048828125,-0.42
2018-04-16,1570.4000244140625,1552.699951171875,1566.4000244140625,0.88
2018-04-17,1587.0,1564.5999755859375,1584.0999755859375,1.13
2018-04-18,1595.9000244140625,1582.199951171875,1587.800048828125,0.23
2018-04-19,1590.9000244140625,1570.0999755859375,1575.0999755859375,-0.8
2018-04-20,1578.699951171875,1562.5,1566.699951171875,-0.53
2018-04-23,1574.4000244140625,1556.699951171875,1565.300048828125,-0.09
2018-04-24,1577.800048828125,1542.9000244140625,1556.800048828125,-0.54
2018-04-25,1559.9000244140625,1540.4000244140625,1555.0999755859375,-0.11
2018-04-26,1565.5999755859375,1550.0999755859375,1564.199951171875,0.59
2018-04-27,1564.699951171875,1548.5,1558.9000244140625,-0.34
2018-04-30,1567.4000244140625,1541.699951171875,1543.800048828125,-0.97
2018-05-01,1555.0,1527.199951171875,1552.9000244140625,0.59
2018-05-02,1568.199951171875,1546.5999755859375,1552.5,-0.03
2018-05-03,1558.199951171875,1531.0,1551.0999755859375,-0.09
2018-05-04,1575.199951171875,1537.5999755859375,1566.800048828125,1.01
2018-05-07,1588.699951171875,1565.699951171875,1581.4000244140625,0.93
2018-05-08,1590.0,1575.0999755859375,1589.5,0.51
2018-05-09,1600.9000244140625,1583.5,1598.4000244140625,0.56
2018-05-10,1611.5,1596.300048828125,1605.199951171875,0.43
2018-05-11,1611.0,1599.800048828125,1609.5,0.27
2018-05-14,1616.4000244140625,1598.4000244140625,1604.300048828125,-0.32
2018-05-15,1605.699951171875,1591.0,1601.800048828125,-0.16
2018-05-16,1622.800048828125,1598.9000244140625,1619.0999755859375,1.08
2018-05-17,1629.5999755859375,1616.300048828125,1626.5999755859375,0.46
2018-05-18,1632.5,1623.699951171875,1626.9000244140625,0.02
2018-05-21,1641.5999755859375,1630.9000244140625,1640.699951171875,0.85
2018-05-22,1643.800048828125,1625.4000244140625,1626.800048828125,-0.85
2018-05-23,1632.0999755859375,1618.0999755859375,1629.5,0.17
2018-05-24,1632.4000244140625,1614.699951171875,1630.0999755859375,0.04
2018-05-25,1636.300048828125,1623.0999755859375,1625.300048828125,-0.29
2018-05-29,1630.9000244140625,1607.0999755859375,1625.199951171875,-0.01
2018-05-30,1652.800048828125,1621.0999755859375,1649.5999755859375,1.5
2018-05-31,1654.199951171875,1631.5999755859375,1634.199951171875,-0.93
2018-06-01,1652.199951171875,1636.9000244140625,1650.199951171875,0.98
2018-06-04,1656.0999755859375,1641.199951171875,1654.5,0.26
2018-06-05,1667.699951171875,1651.4000244140625,1666.0999755859375,0.7
2018-06-06,1679.4000244140625,1663.800048828125,1678.300048828125,0.73
2018-06-07,1681.199951171875,1659.9000244140625,1670.199951171875,-0.48
2018-06-08,1673.699951171875,1661.0,1671.0999755859375,0.05
2018-06-11,1678.699951171875,1666.199951171875,1676.4000244140625,0.32
2018-06-12,1686.800048828125,1672.199951171875,1681.4000244140625,0.3
2018-06-13,1686.199951171875,1673.699951171875,1675.5999755859375,-0.34
2018-06-14,1687.5,1671.0999755859375,1686.199951171875,0.63
2018-06-15,1687.5,1676.0,1677.75,-0.5
2018-06-18,1699.800048828125,1677.199951171875,1699.5999755859375,1.3
2018-06-19,1699.800048828125,1675.5999755859375,1698.800048828125,-0.05
2018-06-20,1713.9000244140625,1694.9000244140625,1713.4000244140625,0.86
2018-06-21,1720.800048828125,1689.199951171875,1693.699951171875,-1.15
2018-06-22,1703.0999755859375,1684.300048828125,1691.199951171875,-0.15
2018-06-25,1690.699951171875,1652.0999755859375,1662.300048828125,-1.71
2018-06-26,1677.800048828125,1657.5999755859375,1674.5999755859375,0.74
2018-06-27,1675.800048828125,1643.4000244140625,1644.4000244140625,-1.8
2018-06-28,1652.300048828125,1632.5,1650.699951171875,0.38
2018-06-29,1660.5999755859375,1645.9000244140625,1647.5,-0.19
2018-07-02,1660.9000244140625,1633.300048828125,1660.0,0.76
2018-07-03,1673.0999755859375,1655.5999755859375,1667.300048828125,0.44
2018-07-05,1685.300048828125,1664.0,1684.0999755859375,1.01
2018-07-06,1701.800048828125,1678.699951171875,1701.0,1.0
2018-07-09,1711.0,1700.0,1710.4000244140625,0.55
2018-07-10,1715.0,1690.4000244140625,1700.199951171875,-0.6
2018-07-11,1702.0999755859375,1683.5999755859375,1686.699951171875,-0.79
2018-07-12,1697.9000244140625,1681.5999755859375,1692.300048828125,0.33
2018-07-13,1702.699951171875,1688.800048828125,1691.5999755859375,-0.04
2018-07-16,1695.5,1674.4000244140625,1683.199951171875,-0.5
2018-07-17,1695.300048828125,1680.300048828125,1690.199951171875,0.42
2018-07-18,1695.199951171875,1680.0999755859375,1694.199951171875,0.24
2018-07-19,1707.199951171875,1687.0,1705.5,0.67
2018-07-20,1707.5999755859375,1697.5,1698.9000244140625,-0.39
2018-07-23,1705.699951171875,1691.9000244140625,1702.699951171875,0.22
2018-07-24,1711.800048828125,1676.0999755859375,1682.199951171875,-1.2
2018-07-25,1691.0,1674.800048828125,1689.800048828125,0.45
2018-07-26,1707.699951171875,1687.5,1701.0999755859375,0.67
2018-07-27,1703.300048828125,1661.199951171875,1661.9000244140625,-2.3
2018-07-30,1673.4000244140625,1653.4000244140625,1655.0,-0.42
2018-07-31,1679.699951171875,1653.300048828125,1672.4000244140625,1.05
2018-08-01,1677.300048828125,1657.5999755859375,1668.0999755859375,-0.26
2018-08-02,1685.699951171875,1656.800048828125,1684.800048828125,1.0
2018-08-03,1689.5,1668.199951171875,1675.300048828125,-0.56
2018-08-06,1687.5999755859375,1671.0,1686.9000244140625,0.69
2018-08-07,1697.300048828125,1686.0,1691.5,0.27
2018-08-08,1692.300048828125,1676.5999755859375,1687.0999755859375,-0.26
2018-08-09,1699.199951171875,1685.0999755859375,1693.0,0.35
2018-08-10,1698.5,1680.5,1687.300048828125,-0.34
2018-08-13,1691.9000244140625,1669.9000244140625,1677.0999755859375,-0.6
2018-08-14,1697.800048828125,1677.9000244140625,1696.5999755859375,1.16
2018-08-15,1697.4000244140625,1662.5,1673.800048828125,-1.34
2018-08-16,1693.0,1671.0,1689.199951171875,0.92
2018-08-17,1697.699951171875,1680.300048828125,1696.9000244140625,0.46
2018-08-20,1702.9000244140625,1689.199951171875,1699.199951171875,0.14
2018-08-21,1724.9000244140625,1695.9000244140625,1717.199951171875,1.06
2018-08-22,1725.800048828125,1708.4000244140625,1723.300048828125,0.36
2018-08-23,1726.300048828125,1712.699951171875,1717.5999755859375,-0.33
2018-08-24,1728.699951171875,1718.0,1726.800048828125,0.54
2018-08-27,1740.199951171875,1726.9000244140625,1731.0999755859375,0.25
2018-08-28,1735.5999755859375,1721.5999755859375,1729.5,-0.09
2018-08-29,1738.300048828125,1724.9000244140625,1736.5999755859375,0.41
2018-08-30,1742.800048828125,1728.300048828125,1734.9000244140625,-0.1
2018-08-31,1744.0,1727.800048828125,1740.5999755859375,0.33
2018-09-04,1746.300048828125,1720.5999755859375,1734.5999755859375,-0.34
2018-09-05,1736.4000244140625,1713.0999755859375,1728.699951171875,-0.34
2018-09-06,1734.300048828125,1713.5,1715.199951171875,-0.78
2018-09-07,1723.699951171875,1705.800048828125,1715.800048828125,0.03
2018-09-10,1726.0999755859375,1713.0,1719.699951171875,0.23
2018-09-11,1725.300048828125,1708.800048828125,1720.9000244140625,0.07
2018-09-12,1722.5,1702.0999755859375,1716.5999755859375,-0.25
2018-09-13,1724.5999755859375,1711.199951171875,1715.0,-0.09
2018-09-14,1728.199951171875,1712.5999755859375,1723.699951171875,0.51
2018-09-17,1723.9000244140625,1701.699951171875,1704.300048828125,-1.13
2018-09-18,1715.5,1697.800048828125,1713.0,0.51
2018-09-19,1719.0999755859375,1698.9000244140625,1705.0,-0.47
2018-09-20,1724.5,1704.699951171875,1723.5,1.09
2018-09-21,1727.5,1720.0,1720.3499755859375,-0.18
2018-09-24,1717.300048828125,1699.4000244140625,1709.4000244140625,-0.64
2018-09-25,1717.699951171875,1708.4000244140625,1714.5,0.3
2018-09-26,1719.4000244140625,1693.0,1695.199951171875,-1.13
2018-09-27,1703.0999755859375,1693.4000244140625,1696.5,0.08
2018-09-28,1706.0999755859375,1686.9000244140625,1700.800048828125,0.25
2018-10-01,1711.800048828125,1672.5999755859375,1678.699951171875,-1.3
2018-10-02,1680.4000244140625,1656.5999755859375,1660.5,-1.08
2018-10-03,1682.300048828125,1659.0999755859375,1678.300048828125,1.07
2018-10-04,1675.800048828125,1645.5,1650.5999755859375,-1.65
2018-10-05,1657.5999755859375,1620.4000244140625,1639.4000244140625,-0.68
2018-10-08,1642.5,1619.199951171875,1634.0,-0.33
2018-10-09,1641.4000244140625,1623.5,1626.800048828125,-0.44
2018-10-10,1629.5,1565.9000244140625,1570.5,-3.46
2018-10-11,1586.0,1544.4000244140625,1553.699951171875,-1.07
2018-10-12,1575.800048828125,1530.699951171875,1549.4000244140625,-0.28
2018-10-15,1565.0,1535.699951171875,1550.699951171875,0.08
2018-10-16,1601.800048828125,1548.5,1600.699951171875,3.22
2018-10-17,1602.0999755859375,1570.699951171875,1594.0999755859375,-0.41
2018-10-18,1594.0999755859375,1555.4000244140625,1562.199951171875,-2.0
2018-10-19,1575.4000244140625,1539.199951171875,1542.699951171875,-1.25
2018-10-22,1556.5,1532.800048828125,1542.199951171875,-0.03
2018-10-23,1542.800048828125,1500.199951171875,1531.199951171875,-0.71
2018-10-24,1534.4000244140625,1467.699951171875,1469.800048828125,-4.01
2018-10-25,1509.0,1469.4000244140625,1495.0999755859375,1.72
2018-10-26,1504.9000244140625,1457.4000244140625,1490.9000244140625,-0.28
2018-10-29,1517.0,1460.699951171875,1480.199951171875,-0.72
2018-10-30,1514.0999755859375,1474.800048828125,1512.0,2.15
2018-10-31,1529.4000244140625,1508.5,1511.9000244140625,-0.01
2018-11-01,1548.199951171875,1510.5999755859375,1542.0999755859375,2.0
2018-11-02,1559.699951171875,1534.5999755859375,1549.5999755859375,0.49
2018-11-05,1557.0999755859375,1533.5,1549.800048828125,0.01
2018-11-06,1562.300048828125,1543.699951171875,1559.5,0.63
2018-11-07,1585.800048828125,1550.4000244140625,1584.199951171875,1.58
2018-11-08,1589.199951171875,1573.5,1582.0999755859375,-0.13
2018-11-09,1582.9000244140625,1539.0999755859375,1551.699951171875,-1.92
2018-11-12,1561.9000244140625,1518.199951171875,1520.4000244140625,-2.02
2018-11-13,1540.699951171875,1512.5,1517.4000244140625,-0.2
2018-11-14,1534.4000244140625,1494.0,1499.800048828125,-1.16
2018-11-15,1528.699951171875,1490.199951171875,1527.4000244140625,1.84
2018-11-16,1532.4000244140625,1509.4000244140625,1531.5,0.27
2018-11-19,1533.4000244140625,1492.0,1500.4000244140625,-2.03
2018-11-20,1501.800048828125,1464.0999755859375,1466.9000244140625,-2.23
2018-11-21,1501.9000244140625,1463.5999755859375,1487.9000244140625,1.43
2018-11-23,1501.0,1472.5,1486.0999755859375,-0.12
2018-11-26,1512.199951171875,1486.199951171875,1503.5,1.17
2018-11-27,1511.0,1490.5999755859375,1493.699951171875,-0.65
2018-11-28,1532.0999755859375,1484.199951171875,1527.9000244140625,2.29
2018-11-29,1535.300048828125,1512.199951171875,1527.5,-0.03
2018-11-30,1536.5999755859375,1518.0,1534.5999755859375,0.46
2018-12-03,1562.4000244140625,1527.5,1547.800048828125,0.86
2018-12-04,1549.300048828125,1478.199951171875,1481.9000244140625,-4.26
2018-12-06,1490.699951171875,1440.699951171875,1475.300048828125,-0.45
2018-12-07,1489.0,1438.800048828125,1450.0999755859375,-1.71
2018-12-10,1456.5,1420.4000244140625,1447.0999755859375,-0.21
2018-12-11,1468.4000244140625,1430.0,1444.199951171875,-0.2
2018-12-12,1474.199951171875,1438.800048828125,1455.5999755859375,0.79
2018-12-13,1464.800048828125,1431.0999755859375,1432.4000244140625,-1.59
2018-12-14,1438.0,1406.5,1412.300048828125,-1.4
2018-12-17,1419.9000244140625,1371.699951171875,1386.4000244140625,-1.83
2018-12-18,1402.300048828125,1368.0999755859375,1372.300048828125,-1.02
2018-12-19,1400.0,1340.699951171875,1345.5999755859375,-1.95
2018-12-20,1361.5999755859375,1312.0,1336.199951171875,-0.7
2018-12-21,1342.300048828125,1324.9000244140625,1326.219970703125,-0.75
2018-12-24,1305.0,1263.199951171875,1264.199951171875,-4.68
2018-12-26,1333.4000244140625,1252.0,1331.0999755859375,5.29
2018-12-27,1337.199951171875,1288.9000244140625,1333.699951171875,0.2
2018-12-28,1360.5999755859375,1326.199951171875,1340.9000244140625,0.54
2018-12-31,1354.800048828125,1328.0999755859375,1349.0,0.6
2019-01-02,1362.800048828125,1323.5,1356.199951171875,0.53
2019-01-03,1357.0999755859375,1326.4000244140625,1330.4000244140625,-1.9
2019-01-04,1387.300048828125,1325.300048828125,1381.5999755859375,3.85
2019-01-07,1414.5999755859375,1375.800048828125,1405.9000244140625,1.76
2019-01-08,1429.300048828125,1404.5999755859375,1425.9000244140625,1.42
2019-01-09,1445.0999755859375,1422.800048828125,1437.5,0.81
2019-01-10,1448.5999755859375,1424.300048828125,1446.5999755859375,0.63
2019-01-11,1450.9000244140625,1437.300048828125,1447.699951171875,0.08
2019-01-14,1446.5,1431.4000244140625,1433.9000244140625,-0.95
2019-01-15,1447.5,1431.800048828125,1443.199951171875,0.65
2019-01-16,1463.5999755859375,1440.9000244140625,1454.199951171875,0.76
2019-01-17,1473.800048828125,1445.5,1468.300048828125,0.97
2019-01-18,1489.699951171875,1466.5999755859375,1484.300048828125,1.09
2019-01-22,1483.9000244140625,1450.5999755859375,1459.800048828125,-1.65
2019-01-23,1472.199951171875,1444.4000244140625,1455.4000244140625,-0.3
2019-01-24,1467.5999755859375,1450.300048828125,1460.9000244140625,0.38
2019-01-25,1486.5999755859375,1461.0999755859375,1482.5999755859375,1.49
2019-01-28,1482.800048828125,1463.300048828125,1475.0,-0.51
2019-01-29,1478.9000244140625,1467.199951171875,1472.5999755859375,-0.16
2019-01-30,1493.4000244140625,1466.0999755859375,1488.5999755859375,1.09
2019-01-31,1504.699951171875,1484.4000244140625,1500.199951171875,0.78
2019-02-01,1506.699951171875,1495.300048828125,1503.5,0.22
2019-02-04,1519.5999755859375,1498.300048828125,1517.4000244140625,0.92
2019-02-05,1525.699951171875,1511.9000244140625,1518.4000244140625,0.07
2019-02-06,1523.300048828125,1510.5,1517.5,-0.06
2019-02-07,1518.199951171875,1492.9000244140625,1505.5999755859375,-0.78
2019-02-08,1510.0,1493.9000244140625,1508.0999755859375,0.17
2019-02-11,1520.800048828125,1504.800048828125,1520.0,0.79
2019-02-12,1541.5,1518.5,1538.5,1.22
2019-02-13,1546.800048828125,1535.9000244140625,1542.199951171875,0.24
2019-02-14,1552.5,1532.5,1544.5999755859375,0.16
2019-02-15,1572.699951171875,1537.199951171875,1570.5999755859375,1.68
2019-02-19,1579.9000244140625,1562.699951171875,1575.699951171875,0.32
2019-02-20,1584.699951171875,1571.699951171875,1583.5999755859375,0.5
2019-02-21,1590.9000244140625,1569.0,1577.5,-0.39
2019-02-22,1592.4000244140625,1575.0999755859375,1589.9000244140625,0.79
2019-02-25,1603.5999755859375,1589.300048828125,1591.0999755859375,0.08
2019-02-26,1590.5,1575.0999755859375,1576.699951171875,-0.91
2019-02-27,1583.5,1569.199951171875,1582.0999755859375,0.34
2019-02-28,1582.5999755859375,1571.199951171875,1575.5,-0.42
2019-03-01,1591.0,1574.800048828125,1589.5,0.89
2019-03-04,1598.0,1563.0999755859375,1574.4000244140625,-0.95
2019-03-05,1579.300048828125,1566.9000244140625,1569.800048828125,-0.29
2019-03-06,1569.199951171875,1535.5999755859375,1537.0,-2.09
2019-03-07,1541.800048828125,1520.199951171875,1523.5999755859375,-0.87
2019-03-08,1526.699951171875,1512.5999755859375,1525.699951171875,0.14
2019-03-11,1550.9000244140625,1519.300048828125,1548.5,1.49
2019-03-12,1556.5999755859375,1544.699951171875,1548.9000244140625,0.03
2019-03-13,1563.9000244140625,1543.4000244140625,1558.4000244140625,0.61
2019-03-14,1561.300048828125,1546.800048828125,1547.5999755859375,-0.69
2019-03-15,1563.5,1547.699951171875,1551.9000244140625,0.28
2019-03-18,1575.5999755859375,1555.199951171875,1569.9000244140625,1.16
2019-03-19,1577.699951171875,1556.4000244140625,1558.699951171875,-0.71
2019-03-20,1569.199951171875,1538.5,1546.800048828125,-0.76
2019-03-21,1575.699951171875,1538.800048828125,1568.5999755859375,1.41
2019-03-22,1569.9000244140625,1508.5,1511.0999755859375,-3.67
2019-03-25,1526.9000244140625,1497.4000244140625,1519.5999755859375,0.56
2019-03-26,1542.5,1518.699951171875,1531.9000244140625,0.81
2019-03-27,1536.800048828125,1508.0,1526.300048828125,-0.37
2019-03-28,1542.9000244140625,1517.5999755859375,1540.199951171875,0.91
2019-03-29,1553.4000244140625,1534.5,1543.800048828125,0.23
2019-04-01,1562.5999755859375,1545.9000244140625,1559.5999755859375,1.02
2019-04-02,1562.800048828125,1548.0,1554.4000244140625,-0.33
2019-04-03,1574.9000244140625,1552.699951171875,1566.9000244140625,0.8
2019-04-04,1573.800048828125,1561.4000244140625,1571.9000244140625,0.32
2019-04-05,1588.199951171875,1570.0,1586.0999755859375,0.9
2019-04-08,1588.300048828125,1573.5999755859375,1583.9000244140625,-0.14
2019-04-09,1585.0,1561.699951171875,1564.699951171875,-1.21
2019-04-10,1586.800048828125,1562.0999755859375,1585.800048828125,1.35
2019-04-11,1589.5,1580.800048828125,1581.9000244140625,-0.25
2019-04-12,1594.199951171875,1581.0,1589.199951171875,0.46
2019-04-15,1593.5,1577.300048828125,1583.699951171875,-0.35
2019-04-16,1591.4000244140625,1582.0,1586.800048828125,0.2
2019-04-17,1593.5999755859375,1563.5,1570.5999755859375,-1.02
2019-04-18,1576.0,1558.199951171875,1569.0,-0.1
2019-04-22,1571.800048828125,1556.699951171875,1564.0999755859375,-0.31
2019-04-23,1592.5999755859375,1561.0,1589.699951171875,1.64
2019-04-24,1598.699951171875,1584.5,1590.5999755859375,0.06
2019-04-25,1590.800048828125,1565.699951171875,1579.0,-0.73
2019-04-26,1596.300048828125,1572.5,1594.0,0.95
2019-04-29,1607.5999755859375,1592.699951171875,1602.199951171875,0.51
2019-04-30,1605.0999755859375,1580.5999755859375,1594.199951171875,-0.5
2019-05-01,1600.5999755859375,1573.0,1577.5999755859375,-1.04
2019-05-02,1592.0,1566.9000244140625,1585.800048828125,0.52
2019-05-03,1618.699951171875,1584.800048828125,1617.300048828125,1.99
2019-05-06,1621.9000244140625,1577.5999755859375,1617.5,0.01
2019-05-07,1615.5,1572.5,1590.199951171875,-1.69
2019-05-08,1594.0999755859375,1576.0,1581.300048828125,-0.56
2019-05-09,1579.9000244140625,1546.699951171875,1572.0999755859375,-0.58
2019-05-10,1582.699951171875,1545.699951171875,1578.5999755859375,0.41
2019-05-13,1569.5,1519.0,1520.0999755859375,-3.71
2019-05-14,1550.699951171875,1516.699951171875,1546.0999755859375,1.71
2019-05-15,1553.0,1529.300048828125,1551.5,0.35
2019-05-16,1570.4000244140625,1542.800048828125,1559.9000244140625,0.54
2019-05-17,1561.699951171875,1534.699951171875,1537.5999755859375,-1.43
2019-05-20,1547.4000244140625,1522.0999755859375,1526.800048828125,-0.7
2019-05-21,1548.9000244140625,1527.5999755859375,1546.300048828125,1.28
2019-05-22,1548.0,1527.9000244140625,1533.800048828125,-0.81
2019-05-23,1534.199951171875,1492.9000244140625,1502.0999755859375,-2.07
2019-05-24,1518.5,1501.699951171875,1517.699951171875,1.04
2019-05-28,1523.9000244140625,1502.800048828125,1505.800048828125,-0.78
2019-05-29,1506.4000244140625,1480.5999755859375,1488.9000244140625,-1.12
2019-05-30,1502.5,1476.699951171875,1486.4000244140625,-0.17
2019-05-31,1486.4000244140625,1459.4000244140625,1466.5,-1.34
2019-06-03,1478.300048828125,1454.300048828125,1472.300048828125,0.4
2019-06-04,1509.300048828125,1471.300048828125,1506.9000244140625,2.35
2019-06-05,1516.5999755859375,1492.199951171875,1505.800048828125,-0.07
2019-06-06,1513.0,1488.800048828125,1502.5,-0.22
2019-06-07,1521.0999755859375,1497.9000244140625,1512.5999755859375,0.67
2019-06-10,1537.4000244140625,1515.300048828125,1522.5999755859375,0.66
2019-06-11,1538.199951171875,1511.4000244140625,1518.0999755859375,-0.3
2019-06-12,1523.5999755859375,1511.800048828125,1521.5999755859375,0.23
2019-06-13,1537.300048828125,1514.699951171875,1535.699951171875,0.93
2019-06-14,1539.699951171875,1522.4000244140625,1524.699951171875,-0.72
2019-06-17,1539.5999755859375,1524.4000244140625,1534.0,0.61
2019-06-18,1562.300048828125,1529.9000244140625,1551.199951171875,1.12
2019-06-19,1557.699951171875,1544.800048828125,1556.199951171875,0.32
2019-06-20,1572.699951171875,1554.300048828125,1563.4000244140625,0.46
2019-06-21,1564.0,1554.550048828125,1554.550048828125,-0.57
2019-06-24,1559.0,1533.5999755859375,1537.300048828125,-1.11
2019-06-25,1540.5,1523.4000244140625,1525.0,-0.8
2019-06-26,1535.699951171875,1520.199951171875,1521.199951171875,-0.25
2019-06-27,1552.0,1519.800048828125,1549.800048828125,1.88
2019-06-28,1575.199951171875,1548.5,1567.0999755859375,1.12
2019-07-01,1593.300048828125,1564.800048828125,1573.5999755859375,0.41
2019-07-02,1577.0999755859375,1554.699951171875,1566.300048828125,-0.46
2019-07-03,1579.0,1562.5999755859375,1578.0,0.75
2019-07-05,1581.5,1560.5,1579.4000244140625,0.09
2019-07-08,1581.300048828125,1560.800048828125,1564.699951171875,-0.93
2019-07-09,1566.800048828125,1555.5,1565.199951171875,0.03
2019-07-10,1577.9000244140625,1560.0999755859375,1568.0,0.18
2019-07-11,1573.300048828125,1553.699951171875,1559.699951171875,-0.53
2019-07-12,1578.5999755859375,1559.0,1572.0,0.79
2019-07-15,1579.0,1560.0,1565.0999755859375,-0.44
2019-07-16,1573.699951171875,1558.0999755859375,1565.5,0.03
2019-07-17,1568.5,1548.199951171875,1551.5999755859375,-0.89
2019-07-18,1562.4000244140625,1546.5999755859375,1558.0999755859375,0.42
2019-07-19,1565.4000244140625,1545.0999755859375,1548.0999755859375,-0.64
2019-07-22,1557.9000244140625,1544.5999755859375,1548.300048828125,0.01
2019-07-23,1558.0999755859375,1545.9000244140625,1557.300048828125,0.58
2019-07-24,1585.9000244140625,1550.5999755859375,1584.199951171875,1.73
2019-07-25,1588.9000244140625,1561.300048828125,1563.199951171875,-1.33
2019-07-26,1585.0999755859375,1562.0,1581.5,1.17
2019-07-29,1584.5,1566.4000244140625,1571.0999755859375,-0.66
2019-07-30,1589.4000244140625,1557.4000244140625,1587.4000244140625,1.04
2019-07-31,1603.5,1566.0,1576.699951171875,-0.67
2019-08-01,1592.0999755859375,1545.699951171875,1551.5999755859375,-1.59
2019-08-02,1552.0999755859375,1522.0999755859375,1535.300048828125,-1.05
2019-08-05,1535.5999755859375,1470.4000244140625,1479.9000244140625,-3.61
2019-08-06,1505.5,1450.699951171875,1499.4000244140625,1.32
2019-08-07,1508.4000244140625,1474.699951171875,1500.0999755859375,0.05
2019-08-08,1535.199951171875,1493.0999755859375,1534.0999755859375,2.27
2019-08-09,1532.300048828125,1508.199951171875,1513.699951171875,-1.33
2019-08-12,1521.0999755859375,1491.0,1493.0999755859375,-1.36
2019-08-13,1525.9000244140625,1484.300048828125,1513.699951171875,1.38
2019-08-14,1516.0,1464.5,1468.300048828125,-3.0
2019-08-15,1485.0,1455.0999755859375,1463.300048828125,-0.34
2019-08-16,1496.5,1463.9000244140625,1493.5999755859375,2.07
2019-08-19,1516.4000244140625,1492.5999755859375,1507.5999755859375,0.94
2019-08-20,1512.800048828125,1495.0999755859375,1496.4000244140625,-0.74
2019-08-21,1515.0999755859375,1492.699951171875,1514.0,1.18
2019-08-22,1518.5999755859375,1498.300048828125,1506.5,-0.5
2019-08-23,1514.0999755859375,1455.800048828125,1463.699951171875,-2.84
2019-08-26,1484.4000244140625,1440.4000244140625,1480.300048828125,1.13
2019-08-27,1487.699951171875,1452.5999755859375,1454.699951171875,-1.73
2019-08-28,1480.300048828125,1447.699951171875,1473.300048828125,1.28
2019-08-29,1499.4000244140625,1465.199951171875,1497.5,1.64
2019-08-30,1508.199951171875,1486.4000244140625,1494.199951171875,-0.22
2019-09-03,1495.9000244140625,1465.699951171875,1470.0999755859375,-1.61
2019-09-04,1489.5999755859375,1468.199951171875,1483.4000244140625,0.9
2019-09-05,1525.5,1482.5999755859375,1507.0,1.59
2019-09-06,1518.5999755859375,1504.199951171875,1505.0,-0.13
2019-09-09,1528.5999755859375,1504.5,1522.0,1.13
2019-09-10,1546.5999755859375,1514.699951171875,1545.0,1.51
2019-09-11,1579.300048828125,1541.4000244140625,1577.0,2.07
2019-09-12,1586.699951171875,1561.5999755859375,1579.199951171875,0.14
2019-09-13,1595.199951171875,1577.300048828125,1580.800048828125,0.1
2019-09-16,1593.5999755859375,1566.699951171875,1585.0999755859375,0.27
2019-09-17,1588.699951171875,1570.0,1581.5,-0.23
2019-09-18,1582.300048828125,1556.0,1569.5999755859375,-0.75
2019-09-19,1583.300048828125,1560.4000244140625,1561.300048828125,-0.53
2019-09-20,1568.699951171875,1560.4000244140625,1562.3800048828125,0.07
2019-09-23,1571.5999755859375,1552.300048828125,1562.0999755859375,-0.02
2019-09-24,1570.4000244140625,1530.300048828125,1536.800048828125,-1.62
2019-09-25,1556.5,1529.4000244140625,1552.800048828125,1.04
2019-09-26,1558.5999755859375,1531.5999755859375,1537.199951171875,-1.0
2019-09-27,1544.5999755859375,1516.5999755859375,1524.0999755859375,-0.85
2019-09-30,1534.199951171875,1519.5,1525.0,0.06
2019-10-01,1545.0,1491.199951171875,1493.300048828125,-2.08
2019-10-02,1499.800048828125,1468.5,1476.800048828125,-1.1
2019-10-03,1489.199951171875,1459.0,1486.9000244140625,0.68
2019-10-04,1502.4000244140625,1477.699951171875,1500.5,0.91
2019-10-07,1510.699951171875,1487.5,1498.9000244140625,-0.11
2019-10-08,1505.4000244140625,1470.300048828125,1474.300048828125,-1.64
2019-10-09,1490.9000244140625,1472.0,1481.5,0.49
2019-10-10,1496.199951171875,1462.699951171875,1489.699951171875,0.55
2019-10-11,1530.0,1489.300048828125,1512.9000244140625,1.56
2019-10-14,1519.9000244140625,1500.800048828125,1506.5999755859375,-0.42
2019-10-15,1531.4000244140625,1506.800048828125,1526.4000244140625,1.31
2019-10-16,1532.5999755859375,1517.199951171875,1524.800048828125,-0.1
2019-10-17,1545.0,1521.0999755859375,1543.4000244140625,1.22
2019-10-18,1544.9000244140625,1524.0999755859375,1537.5999755859375,-0.38
2019-10-21,1559.9000244140625,1534.199951171875,1551.5,0.9
2019-10-22,1560.5999755859375,1547.0999755859375,1551.699951171875,0.01
2019-10-23,1557.300048828125,1545.199951171875,1555.5,0.24
2019-10-24,1560.0999755859375,1544.0999755859375,1552.4000244140625,-0.2
2019-10-25,1564.9000244140625,1547.5999755859375,1559.199951171875,0.44
2019-10-28,1579.5999755859375,1559.300048828125,1574.9000244140625,1.01
2019-10-29,1582.9000244140625,1568.0,1578.199951171875,0.21
2019-10-30,1579.699951171875,1561.800048828125,1574.4000244140625,-0.24
2019-10-31,1576.300048828125,1551.0,1563.4000244140625,-0.7
2019-11-01,1591.0,1561.4000244140625,1590.300048828125,1.72
2019-11-04,1605.9000244140625,1589.699951171875,1597.199951171875,0.43
2019-11-05,1613.5999755859375,1595.5999755859375,1599.4000244140625,0.14
2019-11-06,1602.4000244140625,1586.9000244140625,1592.4000244140625,-0.44
2019-11-07,1610.5999755859375,1589.5999755859375,1594.9000244140625,0.16
2019-11-08,1601.300048828125,1587.9000244140625,1598.9000244140625,0.25
2019-11-11,1600.5999755859375,1587.199951171875,1596.9000244140625,-0.13
2019-11-12,1607.300048828125,1593.0999755859375,1595.699951171875,-0.08
2019-11-13,1595.9000244140625,1579.699951171875,1593.0,-0.17
2019-11-14,1597.0999755859375,1585.800048828125,1589.0999755859375,-0.24
2019-11-15,1600.800048828125,1588.800048828125,1597.199951171875,0.51
2019-11-18,1601.199951171875,1587.0,1591.9000244140625,-0.33
2019-11-19,1605.0,1588.5999755859375,1598.699951171875,0.43
2019-11-20,1603.800048828125,1580.199951171875,1593.9000244140625,-0.3
2019-11-21,1599.0,1579.4000244140625,1584.800048828125,-0.57
2019-11-22,1592.800048828125,1580.5999755859375,1591.0,0.39
2019-11-25,1625.5,1594.0999755859375,1623.199951171875,2.02
2019-11-26,1632.5999755859375,1619.800048828125,1627.699951171875,0.28
2019-11-27,1636.0999755859375,1625.9000244140625,1635.0999755859375,0.45
2019-11-29,1636.4000244140625,1623.0,1623.800048828125,-0.69
2019-12-02,1635.4000244140625,1605.4000244140625,1609.300048828125,-0.89
2019-12-03,1614.5999755859375,1587.5,1604.199951171875,-0.32
2019-12-04,1618.5,1599.0999755859375,1614.300048828125,0.63
2019-12-05,1622.699951171875,1610.5999755859375,1616.800048828125,0.15
2019-12-06,1640.300048828125,1616.300048828125,1636.4000244140625,1.21
2019-12-09,1637.800048828125,1628.5999755859375,1630.4000244140625,-0.37
2019-12-10,1636.0,1619.0999755859375,1633.5,0.19
2019-12-11,1637.5999755859375,1625.4000244140625,1633.9000244140625,0.02
2019-12-12,1657.0999755859375,1628.199951171875,1645.699951171875,0.72
2019-12-13,1657.0999755859375,1631.4000244140625,1640.9000244140625,-0.29
2019-12-16,1660.699951171875,1641.9000244140625,1652.0999755859375,0.68
2019-12-17,1658.9000244140625,1647.0999755859375,1658.0999755859375,0.36
2019-12-18,1664.9000244140625,1655.0999755859375,1663.699951171875,0.34
2019-12-19,1669.4000244140625,1660.9000244140625,1667.4000244140625,0.22
2019-12-20,1673.9000244140625,1666.5,1672.1199951171875,0.28
2019-12-23,1677.800048828125,1667.800048828125,1676.800048828125,0.28
2019-12-24,1681.300048828125,1674.300048828125,1680.0999755859375,0.2
2019-12-26,1684.4000244140625,1678.0,1682.199951171875,0.12
2019-12-27,1687.800048828125,1668.5,1670.9000244140625,-0.67
2019-12-30,1675.9000244140625,1659.4000244140625,1668.4000244140625,-0.15
2019-12-31,1676.9000244140625,1660.5999755859375,1670.5999755859375,0.13
2020-01-02,1684.800048828125,1654.5999755859375,1670.5,-0.01
2020-01-03,1674.300048828125,1639.699951171875,1661.800048828125,-0.52
2020-01-06,1667.9000244140625,1646.5999755859375,1663.0,0.07
2020-01-07,1669.4000244140625,1653.0,1658.199951171875,-0.29
2020-01-08,1672.300048828125,1627.300048828125,1668.5999755859375,0.63
2020-01-09,1676.5999755859375,1664.300048828125,1667.699951171875,-0.05
2020-01-10,1672.0,1653.4000244140625,1659.199951171875,-0.51
2020-01-13,1672.199951171875,1652.0,1670.9000244140625,0.71
2020-01-14,1687.4000244140625,1660.9000244140625,1679.5,0.51
2020-01-15,1691.199951171875,1671.0,1685.5999755859375,0.36
2020-01-16,1710.199951171875,1686.0,1706.5,1.24
2020-01-17,1715.0999755859375,1698.0999755859375,1699.9000244140625,-0.39
2020-01-21,1703.300048828125,1683.199951171875,1685.9000244140625,-0.82
2020-01-22,1697.0999755859375,1681.699951171875,1684.800048828125,-0.07
2020-01-23,1690.300048828125,1664.9000244140625,1685.5,0.04
2020-01-24,1694.300048828125,1652.5,1663.4000244140625,-1.31
2020-01-27,1655.199951171875,1634.199951171875,1644.199951171875,-1.15
2020-01-28,1664.300048828125,1644.0,1658.9000244140625,0.89
2020-01-29,1665.699951171875,1646.199951171875,1649.4000244140625,-0.57
2020-01-30,1652.0,1628.699951171875,1648.9000244140625,-0.03
2020-01-31,1652.800048828125,1609.0999755859375,1614.699951171875,-2.07
2020-02-03,1639.0,1613.5,1633.0,1.13
2020-02-04,1662.5999755859375,1627.300048828125,1659.800048828125,1.64
2020-02-05,1685.5,1654.300048828125,1684.800048828125,1.51
2020-02-06,1695.199951171875,1676.800048828125,1680.5999755859375,-0.25
2020-02-07,1682.5,1652.699951171875,1658.199951171875,-1.33
2020-02-10,1669.5999755859375,1646.4000244140625,1669.0,0.65
2020-02-11,1688.5,1667.5,1678.4000244140625,0.56
2020-02-12,1691.9000244140625,1677.199951171875,1690.0,0.69
2020-02-13,1698.0,1673.0,1696.4000244140625,0.38
2020-02-14,1703.0999755859375,1681.699951171875,1687.0999755859375,-0.55
2020-02-18,1693.9000244140625,1672.5999755859375,1683.199951171875,-0.23
2020-02-19,1699.5,1684.0,1693.4000244140625,0.61
2020-02-20,1698.9000244140625,1673.5999755859375,1694.4000244140625,0.06
2020-02-21,1694.0999755859375,1671.0,1679.0999755859375,-0.9
2020-02-24,1666.5999755859375,1618.0,1624.5999755859375,-3.25
2020-02-25,1645.5,1566.300048828125,1571.9000244140625,-3.24
2020-02-26,1591.5999755859375,1545.5999755859375,1550.4000244140625,-1.37
2020-02-27,1556.699951171875,1480.300048828125,1485.5999755859375,-4.18
2020-02-28,1500.0,1444.0,1474.9000244140625,-0.72
2020-03-02,1520.0999755859375,1446.4000244140625,1500.800048828125,1.76
2020-03-03,1548.0,1468.199951171875,1479.5999755859375,-1.41
2020-03-04,1530.199951171875,1470.199951171875,1522.300048828125,2.89
2020-03-05,1523.5,1459.5999755859375,1476.5999755859375,-3.0
2020-03-06,1485.4000244140625,1414.4000244140625,1444.5999755859375,-2.17
2020-03-09,1419.800048828125,1301.199951171875,1314.0,-9.04
2020-03-10,1373.800048828125,1283.699951171875,1339.9000244140625,1.97
2020-03-11,1340.699951171875,1244.699951171875,1262.699951171875,-5.76
2020-03-12,1276.0,1095.800048828125,1109.9000244140625,-12.1
2020-03-13,1217.300048828125,1070.5,1198.699951171875,8.0
2020-03-16,1188.5999755859375,972.9000244140624,1032.4000244140625,-13.87
2020-03-17,1107.5,1006.4000244140624,1090.5999755859375,5.64
2020-03-18,1076.199951171875,965.2000122070312,1009.2000122070312,-7.46
2020-03-19,1073.5,958.5,1048.0999755859375,3.85
2020-03-20,1100.699951171875,1024.5999755859375,1069.239990234375,2.02
2020-03-23,1063.800048828125,958.9000244140624,998.2999877929688,-6.63
2020-03-24,1105.300048828125,1004.2000122070312,1099.4000244140625,10.13
2020-03-25,1145.0999755859375,1062.800048828125,1097.0999755859375,-0.21
2020-03-26,1180.300048828125,1068.699951171875,1166.699951171875,6.34
2020-03-27,1176.9000244140625,1111.800048828125,1120.300048828125,-3.98
2020-03-30,1157.5,1086.300048828125,1154.4000244140625,3.04
2020-03-31,1166.9000244140625,1123.9000244140625,1147.5999755859375,-0.59
2020-04-01,1137.5,1059.199951171875,1067.5999755859375,-6.97
2020-04-02,1108.199951171875,1049.800048828125,1081.699951171875,1.32
2020-04-03,1084.5999755859375,1029.699951171875,1053.0,-2.65
2020-04-06,1138.0,1049.0999755859375,1128.699951171875,7.19
2020-04-07,1190.4000244140625,1110.9000244140625,1125.199951171875,-0.31
2020-04-08,1197.300048828125,1117.300048828125,1182.199951171875,5.07
2020-04-09,1250.9000244140625,1167.699951171875,1243.5999755859375,5.19
2020-04-13,1265.5999755859375,1195.0999755859375,1211.5999755859375,-2.57
2020-04-14,1253.800048828125,1213.5,1237.0,2.1
2020-04-15,1237.0999755859375,1170.0999755859375,1182.9000244140625,-4.37
2020-04-16,1207.199951171875,1148.5,1173.9000244140625,-0.76
2020-04-17,1232.300048828125,1204.4000244140625,1224.300048828125,4.29
2020-04-20,1233.5,1190.800048828125,1206.4000244140625,-1.46
2020-04-21,1222.5999755859375,1164.5999755859375,1185.0999755859375,-1.77
2020-04-22,1214.0,1174.300048828125,1194.9000244140625,0.83
2020-04-23,1233.0999755859375,1185.4000244140625,1204.800048828125,0.83
2020-04-24,1237.4000244140625,1189.0,1224.5999755859375,1.64
2020-04-27,1289.300048828125,1217.800048828125,1277.5,4.32
2020-04-28,1320.699951171875,1264.800048828125,1301.800048828125,1.9
2020-04-29,1374.0,1294.5999755859375,1359.0,4.39
2020-04-30,1370.5999755859375,1297.5999755859375,1306.699951171875,-3.85
2020-05-01,1297.5,1236.5,1257.9000244140625,-3.73
2020-05-04,1263.5,1220.0999755859375,1255.9000244140625,-0.16
2020-05-05,1303.699951171875,1255.800048828125,1268.0999755859375,0.97
2020-05-06,1286.5999755859375,1252.800048828125,1255.300048828125,-1.01
2020-05-07,1289.0,1245.5999755859375,1285.0,2.37
2020-05-08,1330.800048828125,1282.5,1329.0,3.42
2020-05-11,1341.699951171875,1297.300048828125,1315.0999755859375,-1.05
2020-05-12,1332.0999755859375,1255.0999755859375,1266.5,-3.7
2020-05-13,1279.5,1208.0999755859375,1229.9000244140625,-2.89
2020-05-14,1240.5999755859375,1174.9000244140625,1233.5999755859375,0.3
2020-05-15,1259.0999755859375,1212.5999755859375,1246.4000244140625,1.04
2020-05-18,1338.199951171875,1247.5,1333.199951171875,6.96
2020-05-19,1350.699951171875,1303.800048828125,1307.5,-1.93
2020-05-20,1354.199951171875,1297.5,1344.300048828125,2.81
2020-05-21,1355.300048828125,1327.0,1342.5999755859375,-0.13
2020-05-22,1357.5,1315.9000244140625,1354.300048828125,0.87
2020-05-26,1410.0999755859375,1350.800048828125,1394.300048828125,2.95
2020-05-27,1442.800048828125,1377.4000244140625,1436.4000244140625,3.02
2020-05-28,1453.0999755859375,1393.9000244140625,1407.199951171875,-2.03
2020-05-29,1409.0999755859375,1368.199951171875,1392.800048828125,-1.02
2020-06-01,1421.0999755859375,1372.0999755859375,1404.5,0.84
2020-06-02,1422.699951171875,1388.699951171875,1417.199951171875,0.9
2020-06-03,1465.199951171875,1415.5999755859375,1448.800048828125,2.23
2020-06-04,1461.0,1427.300048828125,1452.4000244140625,0.25
2020-06-05,1527.800048828125,1448.9000244140625,1502.699951171875,3.46
2020-06-08,1539.4000244140625,1501.0,1537.0,2.28
2020-06-09,1540.4000244140625,1495.199951171875,1508.0999755859375,-1.88
2020-06-10,1525.800048828125,1460.5999755859375,1466.199951171875,-2.78
2020-06-11,1465.4000244140625,1350.9000244140625,1357.4000244140625,-7.42
2020-06-12,1415.4000244140625,1345.699951171875,1383.199951171875,1.9
2020-06-15,1428.800048828125,1318.5999755859375,1421.5,2.77
2020-06-16,1484.9000244140625,1418.699951171875,1454.5999755859375,2.33
2020-06-17,1473.9000244140625,1422.0999755859375,1427.9000244140625,-1.84
2020-06-18,1442.300048828125,1403.0999755859375,1420.800048828125,-0.5
2020-06-19,1452.699951171875,1421.4000244140625,1442.719970703125,1.54
2020-06-22,1435.5999755859375,1383.4000244140625,1433.800048828125,-0.62
2020-06-23,1459.5,1400.0999755859375,1434.199951171875,0.03
2020-06-24,1441.699951171875,1368.0999755859375,1396.4000244140625,-2.64
2020-06-25,1413.4000244140625,1363.5999755859375,1409.800048828125,0.96
2020-06-26,1412.699951171875,1369.5,1375.199951171875,-2.45
2020-06-29,1425.5,1359.5999755859375,1423.199951171875,3.49
2020-06-30,1441.699951171875,1406.5,1437.5999755859375,1.01
2020-07-01,1450.800048828125,1415.0999755859375,1424.300048828125,-0.93
2020-07-02,1458.5,1417.800048828125,1432.699951171875,0.59
2020-07-06,1466.4000244140625,1424.199951171875,1442.699951171875,0.7
2020-07-07,1450.0,1409.4000244140625,1410.9000244140625,-2.2
2020-07-08,1429.5999755859375,1395.199951171875,1423.0,0.86
2020-07-09,1428.0999755859375,1376.0999755859375,1394.0,-2.04
2020-07-10,1423.800048828125,1373.5999755859375,1419.5999755859375,1.84
2020-07-13,1451.300048828125,1396.5999755859375,1400.5,-1.35
2020-07-14,1424.5999755859375,1390.300048828125,1419.4000244140625,1.35
2020-07-15,1483.0999755859375,1431.5999755859375,1476.699951171875,4.04
2020-07-16,1485.5,1453.800048828125,1459.9000244140625,-1.14
2020-07-17,1481.5999755859375,1459.5,1469.199951171875,0.64
2020-07-20,1473.5,1453.699951171875,1463.699951171875,-0.37
2020-07-21,1496.5999755859375,1462.300048828125,1485.5999755859375,1.5
2020-07-22,1494.300048828125,1465.0999755859375,1490.199951171875,0.31
2020-07-23,1507.5,1472.0999755859375,1487.199951171875,-0.2
2020-07-24,1494.699951171875,1460.300048828125,1462.4000244140625,-1.67
2020-07-27,1483.0,1456.199951171875,1481.0999755859375,1.28
2020-07-28,1488.300048828125,1464.800048828125,1467.4000244140625,-0.92
2020-07-29,1499.699951171875,1463.0,1496.699951171875,2.0
2020-07-30,1498.9000244140625,1468.199951171875,1490.5999755859375,-0.41
2020-07-31,1498.0999755859375,1451.0999755859375,1477.800048828125,-0.86
2020-08-03,1504.800048828125,1467.800048828125,1502.199951171875,1.65
2020-08-04,1514.800048828125,1493.699951171875,1514.0,0.79
2020-08-05,1544.5,1509.300048828125,1542.0999755859375,1.86
2020-08-06,1552.5999755859375,1534.0,1544.5,0.16
2020-08-07,1569.0,1531.300048828125,1566.199951171875,1.4
2020-08-10,1594.0999755859375,1561.5,1583.9000244140625,1.13
2020-08-11,1605.699951171875,1567.4000244140625,1577.300048828125,-0.42
2020-08-12,1596.9000244140625,1570.9000244140625,1579.699951171875,0.15
2020-08-13,1591.4000244140625,1572.4000244140625,1578.5,-0.08
2020-08-14,1587.5,1560.9000244140625,1573.199951171875,-0.34
2020-08-17,1586.5,1572.0,1583.9000244140625,0.68
2020-08-18,1589.5999755859375,1563.0999755859375,1569.300048828125,-0.92
2020-08-19,1586.5,1566.0,1569.5,0.01
2020-08-20,1570.800048828125,1551.300048828125,1560.300048828125,-0.59
2020-08-21,1569.0999755859375,1541.300048828125,1548.5999755859375,-0.75
2020-08-24,1568.699951171875,1548.5999755859375,1566.5,1.16
2020-08-25,1583.9000244140625,1553.4000244140625,1569.5999755859375,0.2
2020-08-26,1573.699951171875,1557.199951171875,1562.4000244140625,-0.46
2020-08-27,1575.4000244140625,1551.699951171875,1566.0999755859375,0.24
2020-08-28,1584.5999755859375,1562.5999755859375,1575.699951171875,0.61
2020-08-31,1589.800048828125,1558.0999755859375,1561.300048828125,-0.91
2020-09-01,1580.9000244140625,1549.800048828125,1578.5,1.1
2020-09-02,1595.699951171875,1567.199951171875,1592.5,0.89
2020-09-03,1595.4000244140625,1534.699951171875,1549.5,-2.7
2020-09-04,1570.5,1498.0999755859375,1531.4000244140625,-1.17
2020-09-08,1553.4000244140625,1495.300048828125,1507.699951171875,-1.55
2020-09-09,1533.4000244140625,1479.5999755859375,1524.199951171875,1.09
2020-09-10,1544.300048828125,1504.5999755859375,1506.0999755859375,-1.19
2020-09-11,1523.0999755859375,1481.5999755859375,1493.0999755859375,-0.86
2020-09-14,1539.800048828125,1496.800048828125,1536.0,2.87
2020-09-15,1553.0,1533.5,1540.300048828125,0.28
2020-09-16,1573.699951171875,1536.9000244140625,1554.9000244140625,0.95
2020-09-17,1558.0999755859375,1522.4000244140625,1542.300048828125,-0.81
2020-09-18,1557.6099853515625,1535.0,1557.6099853515625,0.99
2020-09-21,1538.5,1462.9000244140625,1482.800048828125,-4.8
2020-09-22,1493.4000244140625,1465.5999755859375,1488.800048828125,0.4
2020-09-23,1500.199951171875,1444.699951171875,1446.699951171875,-2.83
2020-09-24,1470.9000244140625,1426.199951171875,1447.0,0.02
2020-09-25,1474.199951171875,1428.9000244140625,1467.199951171875,1.4
2020-09-28,1510.9000244140625,1468.5,1506.5,2.68
2020-09-29,1513.9000244140625,1486.199951171875,1507.0,0.03
2020-09-30,1526.9000244140625,1485.800048828125,1504.4000244140625,-0.17
2020-10-01,1530.300048828125,1499.300048828125,1527.4000244140625,1.53
2020-10-02,1542.4000244140625,1490.699951171875,1534.0,0.43
2020-10-05,1579.9000244140625,1536.9000244140625,1576.0999755859375,2.74
2020-10-06,1617.699951171875,1563.0999755859375,1574.199951171875,-0.12
2020-10-07,1613.4000244140625,1564.0999755859375,1609.800048828125,2.26
2020-10-08,1633.699951171875,1609.5999755859375,1626.699951171875,1.05
2020-10-09,1644.5999755859375,1625.699951171875,1637.699951171875,0.68
2020-10-12,1651.699951171875,1630.5999755859375,1650.800048828125,0.8
2020-10-13,1650.5,1622.5999755859375,1634.5999755859375,-0.98
2020-10-14,1647.0999755859375,1616.300048828125,1619.5,-0.92
2020-10-15,1639.9000244140625,1595.5,1635.4000244140625,0.98
2020-10-16,1648.4000244140625,1626.800048828125,1627.0999755859375,-0.51
2020-10-19,1648.4000244140625,1607.5999755859375,1611.300048828125,-0.97
2020-10-20,1632.300048828125,1604.699951171875,1614.800048828125,0.22
2020-10-21,1628.5999755859375,1600.199951171875,1603.0999755859375,-0.72
2020-10-22,1634.0999755859375,1587.699951171875,1630.5999755859375,1.72
2020-10-23,1641.699951171875,1620.199951171875,1635.5999755859375,0.31
2020-10-26,1634.699951171875,1580.9000244140625,1602.0999755859375,-2.05
2020-10-27,1611.5999755859375,1577.199951171875,1589.0,-0.82
2020-10-28,1579.4000244140625,1537.199951171875,1539.199951171875,-3.13
2020-10-29,1565.0,1523.0,1558.4000244140625,1.25
2020-10-30,1559.800048828125,1520.300048828125,1536.800048828125,-1.39
2020-11-02,1568.199951171875,1526.0,1564.699951171875,1.82
2020-11-03,1620.0999755859375,1564.4000244140625,1611.0,2.96
2020-11-04,1640.4000244140625,1546.9000244140625,1611.5999755859375,0.04
2020-11-05,1663.5999755859375,1597.9000244140625,1658.5,2.91
2020-11-06,1669.0,1637.199951171875,1643.0999755859375,-0.93
2020-11-09,1815.300048828125,1648.300048828125,1703.0999755859375,3.65
2020-11-10,1750.0,1693.0999755859375,1734.199951171875,1.83
2020-11-11,1747.800048828125,1717.0999755859375,1735.199951171875,0.06
2020-11-12,1739.4000244140625,1691.4000244140625,1707.4000244140625,-1.6
2020-11-13,1750.0,1693.199951171875,1743.699951171875,2.13
2020-11-16,1793.5999755859375,1745.0999755859375,1783.9000244140625,2.31
2020-11-17,1796.9000244140625,1751.199951171875,1792.4000244140625,0.48
2020-11-18,1807.4000244140625,1762.699951171875,1768.300048828125,-1.34
2020-11-19,1784.5,1753.800048828125,1783.0,0.83
2020-11-20,1788.0999755859375,1757.300048828125,1783.300048828125,0.02
2020-11-23,1828.800048828125,1776.5999755859375,1817.0999755859373,1.9
2020-11-24,1863.5,1819.800048828125,1851.5,1.89
2020-11-25,1863.5999755859373,1828.0999755859373,1844.5999755859373,-0.37
2020-11-27,1856.199951171875,1829.300048828125,1853.0,0.46
2020-11-30,1859.0,1811.800048828125,1820.0999755859373,-1.78
2020-12-01,1850.800048828125,1824.0,1835.5,0.85
2020-12-02,1843.699951171875,1816.199951171875,1837.5,0.11
2020-12-03,1860.800048828125,1830.300048828125,1847.199951171875,0.53
2020-12-04,1893.5999755859373,1848.0999755859373,1891.300048828125,2.39
2020-12-07,1899.4000244140625,1875.300048828125,1892.0999755859373,0.04
2020-12-08,1919.5,1875.4000244140625,1916.800048828125,1.31
2020-12-09,1937.0999755859373,1888.300048828125,1903.5,-0.69
2020-12-10,1925.5,1881.5,1921.199951171875,0.93
2020-12-11,1929.5999755859373,1891.5999755859373,1911.4000244140625,-0.51
2020-12-14,1945.699951171875,1913.300048828125,1915.199951171875,0.2
2020-12-15,1964.4000244140625,1911.9000244140625,1960.9000244140625,2.39
2020-12-16,1975.699951171875,1944.800048828125,1954.9000244140625,-0.31
2020-12-17,1981.4000244140625,1955.4000244140625,1978.4000244140625,1.2
2020-12-18,1986.5999755859373,1971.199951171875,1986.300048828125,0.4
2020-12-21,1992.199951171875,1878.0999755859373,1966.0999755859373,-1.02
2020-12-22,1989.0,1944.9000244140625,1985.0,0.96
2020-12-23,2008.4000244140625,1965.699951171875,2002.9000244140625,0.9
2020-12-24,2015.699951171875,1992.699951171875,2002.800048828125,-0.0
2020-12-28,2032.300048828125,1991.0,1995.0,-0.39
2020-12-29,2006.699951171875,1946.5999755859373,1955.5,-1.98
2020-12-30,1987.4000244140625,1949.699951171875,1976.5,1.07
2020-12-31,1980.300048828125,1958.0,1974.800048828125,-0.09
2021-01-04,1997.5999755859373,1920.5,1945.5,-1.48
2021-01-05,1988.0,1932.9000244140625,1976.300048828125,1.58
2021-01-06,2081.39990234375,1971.0,2059.300048828125,4.2
2021-01-07,2098.199951171875,2050.199951171875,2094.5,1.71
2021-01-08,2112.5,2058.800048828125,2089.5,-0.24
2021-01-11,2094.699951171875,2055.0,2089.10009765625,-0.02
2021-01-12,2127.10009765625,2088.39990234375,2125.800048828125,1.76
2021-01-13,2132.699951171875,2104.800048828125,2110.699951171875,-0.71
2021-01-14,2163.699951171875,2111.300048828125,2153.60009765625,2.03
2021-01-15,2158.800048828125,2095.199951171875,2120.800048828125,-1.52
2021-01-19,2150.800048828125,2107.699951171875,2147.300048828125,1.25
2021-01-20,2173.199951171875,2136.0,2157.699951171875,0.48
2021-01-21,2166.10009765625,2132.199951171875,2138.5,-0.89
2021-01-22,2166.300048828125,2112.699951171875,2164.0,1.19
2021-01-25,2192.39990234375,2128.39990234375,2161.0,-0.14
2021-01-26,2179.800048828125,2131.199951171875,2145.800048828125,-0.7
2021-01-27,2150.60009765625,2084.5,2104.300048828125,-1.93
2021-01-28,2139.300048828125,2075.0,2099.800048828125,-0.21
2021-01-29,2122.199951171875,2060.199951171875,2068.199951171875,-1.5
2021-02-01,2127.699951171875,2028.5999755859373,2119.39990234375,2.48
2021-02-02,2152.699951171875,2113.800048828125,2147.5,1.33
2021-02-03,2159.60009765625,2127.699951171875,2154.800048828125,0.34
2021-02-04,2205.800048828125,2147.199951171875,2199.39990234375,2.07
2021-02-05,2234.199951171875,2197.800048828125,2230.300048828125,1.4
2021-02-08,2290.300048828125,2230.800048828125,2285.800048828125,2.49
2021-02-09,2309.800048828125,2276.39990234375,2297.10009765625,0.49
2021-02-10,2316.89990234375,2262.89990234375,2281.0,-0.7
2021-02-11,2303.699951171875,2247.60009765625,2281.199951171875,0.01
2021-02-12,2294.39990234375,2259.5,2286.39990234375,0.23
2021-02-16,2314.10009765625,2261.0,2270.800048828125,-0.68
2021-02-17,2273.5,2222.5,2255.0,-0.7
2021-02-18,2262.300048828125,2207.0,2217.699951171875,-1.65
2021-02-19,2276.699951171875,2204.10009765625,2265.300048828125,2.15
2021-02-22,2279.39990234375,2233.60009765625,2250.10009765625,-0.67
2021-02-23,2268.39990234375,2168.800048828125,2231.199951171875,-0.84
2021-02-24,2295.5,2218.300048828125,2285.10009765625,2.42
2021-02-25,2302.699951171875,2191.89990234375,2200.0,-3.72
2021-02-26,2235.800048828125,2160.10009765625,2199.199951171875,-0.04
2021-03-01,2280.800048828125,2196.5,2274.800048828125,3.44
2021-03-02,2281.5,2227.10009765625,2229.10009765625,-2.01
2021-03-03,2266.800048828125,2201.5,2205.800048828125,-1.05
2021-03-04,2220.0,2106.300048828125,2144.5,-2.78
2021-03-05,2194.699951171875,2084.39990234375,2189.699951171875,2.11
2021-03-08,2235.800048828125,2161.0,2200.800048828125,0.51
2021-03-09,2263.60009765625,2202.5,2245.699951171875,2.04
2021-03-10,2303.699951171875,2234.60009765625,2285.39990234375,1.77
2021-03-11,2337.199951171875,2282.699951171875,2334.699951171875,2.16
2021-03-12,2356.0,2327.5,2351.300048828125,0.71
2021-03-15,2368.199951171875,2332.300048828125,2358.10009765625,0.29
2021-03-16,2356.300048828125,2305.199951171875,2319.5,-1.64
2021-03-17,2341.5,2287.300048828125,2337.39990234375,0.77
2021-03-18,2344.800048828125,2259.60009765625,2265.60009765625,-3.07
2021-03-19,2279.300048828125,2254.0,2266.159912109375,0.02
2021-03-22,2290.89990234375,2250.199951171875,2261.300048828125,-0.21
2021-03-23,2269.5,2168.89990234375,2180.39990234375,-3.58
2021-03-24,2223.0,2128.10009765625,2130.199951171875,-2.3
2021-03-25,2187.89990234375,2092.699951171875,2178.199951171875,2.25
2021-03-26,2223.0,2172.300048828125,2218.5,1.85
2021-03-29,2222.60009765625,2153.199951171875,2155.39990234375,-2.84
2021-03-30,2199.800048828125,2143.5,2192.39990234375,1.72
2021-03-31,2237.5,2188.89990234375,2222.5,1.37
2021-04-01,2257.5,2212.199951171875,2251.89990234375,1.32
2021-04-05,2298.300048828125,2249.10009765625,2263.10009765625,0.5
2021-04-06,2280.89990234375,2244.89990234375,2256.0,-0.31
2021-04-07,2264.300048828125,2212.10009765625,2219.199951171875,-1.63
2021-04-08,2246.699951171875,2206.699951171875,2239.199951171875,0.9
2021-04-09,2253.300048828125,2225.39990234375,2239.199951171875,0.0
2021-04-12,2242.60009765625,2217.0,2230.60009765625,-0.38
2021-04-13,2239.60009765625,2201.5,2224.89990234375,-0.26
2021-04-14,2273.5,2220.5,2245.0,0.9
2021-04-15,2271.699951171875,2235.800048828125,2255.699951171875,0.48
2021-04-16,2270.39990234375,2243.300048828125,2259.0,0.15
2021-04-19,2256.0,2211.89990234375,2229.300048828125,-1.31
2021-04-20,2235.699951171875,2164.60009765625,2184.0,-2.03
2021-04-21,2239.199951171875,2167.10009765625,2238.39990234375,2.49
2021-04-22,2266.5,2220.199951171875,2228.300048828125,-0.45
2021-04-23,2279.89990234375,2232.60009765625,2269.5,1.85
2021-04-26,2300.39990234375,2267.5,2293.199951171875,1.04
2021-04-27,2307.199951171875,2288.10009765625,2297.199951171875,0.17
2021-04-28,2308.60009765625,2281.699951171875,2300.89990234375,0.16
2021-04-29,2322.699951171875,2270.89990234375,2293.39990234375,-0.33
2021-04-30,2291.800048828125,2254.199951171875,2261.5,-1.39
2021-05-03,2291.0,2262.199951171875,2273.699951171875,0.54
2021-05-04,2272.300048828125,2222.300048828125,2244.5,-1.28
2021-05-05,2261.10009765625,2226.300048828125,2236.60009765625,-0.35
2021-05-06,2249.60009765625,2198.800048828125,2239.89990234375,0.15
2021-05-07,2272.699951171875,2229.10009765625,2267.89990234375,1.25
2021-05-10,2277.699951171875,2200.10009765625,2209.60009765625,-2.57
2021-05-11,2216.60009765625,2152.10009765625,2203.300048828125,-0.29
2021-05-12,2207.89990234375,2124.199951171875,2131.5,-3.26
2021-05-13,2186.699951171875,2112.60009765625,2168.60009765625,1.74
2021-05-14,2227.60009765625,2169.199951171875,2222.699951171875,2.49
2021-05-17,2229.39990234375,2191.0,2225.5,0.13
2021-05-18,2245.10009765625,2201.39990234375,2207.89990234375,-0.79
2021-05-19,2210.300048828125,2152.300048828125,2192.199951171875,-0.71
2021-05-20,2211.199951171875,2170.199951171875,2205.699951171875,0.62
2021-05-21,2236.300048828125,2202.199951171875,2212.300048828125,0.3
2021-05-24,2237.39990234375,2200.5,2226.10009765625,0.62
2021-05-25,2250.199951171875,2204.60009765625,2205.5,-0.93
2021-05-26,2249.800048828125,2208.800048828125,2247.10009765625,1.89
2021-05-27,2279.10009765625,2239.300048828125,2271.0,1.06
2021-05-28,2286.699951171875,2263.5,2268.60009765625,-0.11
2021-06-01,2298.699951171875,2256.5,2293.89990234375,1.12
2021-06-02,2304.60009765625,2281.199951171875,2297.0,0.14
2021-06-03,2303.300048828125,2252.699951171875,2277.199951171875,-0.86
2021-06-04,2293.5,2266.10009765625,2286.699951171875,0.42
2021-06-07,2320.5,2270.10009765625,2317.39990234375,1.34
2021-06-08,2347.800048828125,2308.699951171875,2341.699951171875,1.05
2021-06-09,2350.300048828125,2322.5,2326.0,-0.67
2021-06-10,2338.0,2303.5,2309.10009765625,-0.73
2021-06-11,2334.60009765625,2305.800048828125,2333.89990234375,1.07
2021-06-14,2350.0,2318.0,2326.89990234375,-0.3
2021-06-15,2332.89990234375,2301.39990234375,2320.300048828125,-0.28
2021-06-16,2323.5,2292.60009765625,2314.5,-0.25
2021-06-17,2318.89990234375,2261.89990234375,2288.800048828125,-1.11
2021-06-18,2293.300048828125,2243.10009765625,2259.469970703125,-1.28
2021-06-21,2287.300048828125,2206.199951171875,2280.89990234375,0.95
2021-06-22,2296.199951171875,2258.800048828125,2292.5,0.51
2021-06-23,2312.199951171875,2283.89990234375,2300.300048828125,0.34
2021-06-24,2337.89990234375,2301.199951171875,2331.199951171875,1.34
2021-06-25,2346.699951171875,2325.800048828125,2332.0,0.03
2021-06-28,2338.60009765625,2299.39990234375,2316.199951171875,-0.68
2021-06-29,2328.800048828125,2299.300048828125,2304.60009765625,-0.5
2021-06-30,2314.800048828125,2284.699951171875,2307.800048828125,0.14
2021-07-01,2330.60009765625,2308.60009765625,2327.0,0.83
2021-07-02,2335.89990234375,2297.10009765625,2302.0,-1.07
2021-07-06,2311.800048828125,2249.89990234375,2269.89990234375,-1.39
2021-07-07,2278.5,2229.10009765625,2248.800048828125,-0.93
2021-07-08,2253.199951171875,2188.89990234375,2227.300048828125,-0.96
2021-07-09,2278.699951171875,2214.10009765625,2275.39990234375,2.16
2021-07-12,2283.39990234375,2252.89990234375,2277.300048828125,0.08
2021-07-13,2278.39990234375,2233.10009765625,2234.199951171875,-1.89
2021-07-14,2254.89990234375,2196.300048828125,2199.300048828125,-1.56
2021-07-15,2201.300048828125,2159.300048828125,2186.800048828125,-0.57
2021-07-16,2211.300048828125,2154.800048828125,2158.89990234375,-1.28
2021-07-19,2161.199951171875,2100.10009765625,2126.89990234375,-1.48
2021-07-20,2202.39990234375,2122.0,2192.0,3.06
2021-07-21,2235.0,2184.800048828125,2231.300048828125,1.79
2021-07-22,2240.800048828125,2186.0,2194.800048828125,-1.64
2021-07-23,2214.10009765625,2179.300048828125,2205.10009765625,0.47
2021-07-26,2231.800048828125,2176.10009765625,2213.39990234375,0.38
2021-07-27,2213.10009765625,2164.10009765625,2186.699951171875,-1.21
2021-07-28,2237.60009765625,2179.800048828125,2220.699951171875,1.55
2021-07-29,2255.699951171875,2215.699951171875,2237.5,0.76
2021-07-30,2252.199951171875,2213.39990234375,2221.60009765625,-0.71
2021-08-02,2257.0,2207.5,2210.89990234375,-0.48
2021-08-03,2228.89990234375,2181.699951171875,2219.39990234375,0.38
2021-08-04,2223.199951171875,2188.60009765625,2191.699951171875,-1.25
2021-08-05,2235.800048828125,2187.300048828125,2232.699951171875,1.87
2021-08-06,2263.800048828125,2227.0,2245.89990234375,0.59
2021-08-09,2245.60009765625,2223.39990234375,2232.699951171875,-0.59
2021-08-10,2243.60009765625,2223.39990234375,2237.800048828125,0.23
2021-08-11,2250.0,2215.89990234375,2248.699951171875,0.49
2021-08-12,2252.699951171875,2228.60009765625,2242.5,-0.28
2021-08-13,2244.800048828125,2218.300048828125,2222.199951171875,-0.91
2021-08-16,2221.10009765625,2187.800048828125,2201.39990234375,-0.94
2021-08-17,2202.10009765625,2148.10009765625,2174.39990234375,-1.23
2021-08-18,2191.300048828125,2143.60009765625,2155.0,-0.89
2021-08-19,2158.699951171875,2108.699951171875,2129.10009765625,-1.2
2021-08-20,2170.60009765625,2109.800048828125,2165.300048828125,1.7
2021-08-23,2210.0,2163.0,2206.60009765625,1.91
2021-08-24,2231.10009765625,2207.60009765625,2228.10009765625,0.97
2021-08-25,2251.0,2219.5,2237.300048828125,0.41
2021-08-26,2242.800048828125,2208.800048828125,2213.89990234375,-1.05
2021-08-27,2282.10009765625,2206.39990234375,2275.300048828125,2.77
2021-08-30,2287.5,2261.5,2266.60009765625,-0.38
2021-08-31,2278.10009765625,2254.89990234375,2271.199951171875,0.2
2021-09-01,2294.300048828125,2260.199951171875,2286.60009765625,0.68
2021-09-02,2310.10009765625,2280.300048828125,2301.10009765625,0.63
2021-09-03,2312.39990234375,2283.699951171875,2290.89990234375,-0.44
2021-09-07,2302.0,2273.10009765625,2275.39990234375,-0.68
2021-09-08,2280.39990234375,2237.800048828125,2250.10009765625,-1.11
2021-09-09,2274.5,2225.0,2250.699951171875,0.03
2021-09-10,2270.800048828125,2226.60009765625,2227.800048828125,-1.02
2021-09-13,2249.10009765625,2213.89990234375,2241.10009765625,0.6
2021-09-14,2258.300048828125,2202.10009765625,2211.39990234375,-1.33
2021-09-15,2239.0,2205.300048828125,2235.0,1.07
2021-09-16,2245.199951171875,2214.199951171875,2233.199951171875,-0.08
2021-09-17,2241.0400390625,2222.5,2241.0400390625,0.35
2021-09-20,2227.39990234375,2146.89990234375,2176.800048828125,-2.87
2021-09-21,2208.800048828125,2163.0,2180.89990234375,0.19
2021-09-22,2231.5,2167.39990234375,2214.89990234375,1.56
2021-09-23,2262.89990234375,2214.199951171875,2255.199951171875,1.82
2021-09-24,2263.89990234375,2231.39990234375,2244.0,-0.5
2021-09-27,2290.800048828125,2241.89990234375,2277.0,1.47
2021-09-28,2287.699951171875,2221.5,2226.0,-2.24
2021-09-29,2246.5,2214.800048828125,2221.89990234375,-0.18
2021-09-30,2251.39990234375,2197.699951171875,2200.800048828125,-0.95
2021-10-01,2248.800048828125,2171.300048828125,2235.60009765625,1.58
2021-10-04,2245.300048828125,2201.5,2214.800048828125,-0.93
2021-10-05,2244.10009765625,2199.800048828125,2223.5,0.39
2021-10-06,2226.10009765625,2180.199951171875,2212.199951171875,-0.51
2021-10-07,2263.300048828125,2213.39990234375,2247.0,1.57
2021-10-08,2257.199951171875,2226.800048828125,2229.10009765625,-0.8
2021-10-11,2249.199951171875,2209.5,2216.5,-0.57
2021-10-12,2238.10009765625,2193.60009765625,2229.300048828125,0.58
2021-10-13,2241.699951171875,2211.0,2238.5,0.41
2021-10-14,2276.300048828125,2238.60009765625,2272.10009765625,1.5
2021-10-15,2298.199951171875,2262.60009765625,2265.0,-0.31
2021-10-18,2270.60009765625,2247.699951171875,2264.699951171875,-0.01
2021-10-19,2285.699951171875,2258.89990234375,2272.800048828125,0.36
2021-10-20,2294.10009765625,2264.89990234375,2287.5,0.65
2021-10-21,2304.5,2274.699951171875,2294.10009765625,0.29
2021-10-22,2305.300048828125,2270.800048828125,2288.800048828125,-0.23
2021-10-25,2314.60009765625,2279.5,2310.300048828125,0.94
2021-10-26,2321.89990234375,2290.199951171875,2293.89990234375,-0.71
2021-10-27,2296.5,2248.800048828125,2249.5,-1.94
2021-10-28,2302.89990234375,2249.5,2295.10009765625,2.03
2021-10-29,2302.699951171875,2283.800048828125,2295.300048828125,0.01
2021-11-01,2356.800048828125,2299.0,2354.300048828125,2.57
2021-11-02,2364.60009765625,2341.39990234375,2359.39990234375,0.22
2021-11-03,2413.699951171875,2354.10009765625,2401.10009765625,1.77
2021-11-04,2424.800048828125,2390.89990234375,2400.800048828125,-0.01
2021-11-05,2450.300048828125,2399.199951171875,2434.300048828125,1.4
2021-11-08,2460.800048828125,2426.699951171875,2441.800048828125,0.31
2021-11-09,2442.0,2410.89990234375,2426.800048828125,-0.61
2021-11-10,2431.39990234375,2378.39990234375,2389.300048828125,-1.55
2021-11-11,2419.699951171875,2384.199951171875,2408.10009765625,0.79
2021-11-12,2418.5,2402.800048828125,2410.300048828125,0.09
2021-11-15,2427.5,2390.800048828125,2401.0,-0.39
2021-11-16,2409.10009765625,2384.699951171875,2404.800048828125,0.16
2021-11-17,2405.300048828125,2366.39990234375,2374.199951171875,-1.27
2021-11-18,2386.300048828125,2345.300048828125,2364.199951171875,-0.42
2021-11-19,2377.39990234375,2328.5,2342.699951171875,-0.91
2021-11-22,2372.89990234375,2326.199951171875,2332.199951171875,-0.45
2021-11-23,2344.89990234375,2300.89990234375,2329.300048828125,-0.12
2021-11-24,2334.89990234375,2300.300048828125,2331.0,0.07
2021-11-25,2345.39990234375,2332.0,2334.699951171875,0.16
2021-11-26,2345.39990234375,2206.300048828125,2243.300048828125,-3.91
2021-11-29,2282.300048828125,2226.0,2240.199951171875,-0.14
2021-11-30,2258.300048828125,2171.800048828125,2197.300048828125,-1.92
2021-12-01,2255.89990234375,2136.800048828125,2146.300048828125,-2.32
2021-12-02,2213.10009765625,2143.5,2205.199951171875,2.74
2021-12-03,2222.5,2139.199951171875,2159.300048828125,-2.08
2021-12-06,2220.39990234375,2149.800048828125,2203.60009765625,2.05
2021-12-07,2274.300048828125,2201.699951171875,2253.89990234375,2.28
2021-12-08,2279.89990234375,2243.89990234375,2269.800048828125,0.71
2021-12-09,2274.10009765625,2214.39990234375,2218.39990234375,-2.26
2021-12-10,2244.89990234375,2196.0,2212.39990234375,-0.27
2021-12-13,2227.199951171875,2167.199951171875,2180.0,-1.46
2021-12-14,2195.300048828125,2152.39990234375,2161.300048828125,-0.86
2021-12-15,2201.89990234375,2130.10009765625,2198.10009765625,1.7
2021-12-16,2227.60009765625,2141.300048828125,2151.89990234375,-2.1
2021-12-17,2160.699951171875,2132.0,2142.429931640625,-0.44
2021-12-20,2173.60009765625,2102.300048828125,2135.89990234375,-0.3
2021-12-21,2204.60009765625,2135.0,2199.699951171875,2.99
2021-12-22,2223.5,2187.5,2219.300048828125,0.89
2021-12-23,2245.0,2220.10009765625,2236.89990234375,0.79
2021-12-27,2260.300048828125,2222.699951171875,2259.60009765625,1.01
2021-12-28,2275.199951171875,2240.800048828125,2243.800048828125,-0.7
2021-12-29,2252.60009765625,2229.800048828125,2247.800048828125,0.18
2021-12-30,2272.300048828125,2237.60009765625,2246.89990234375,-0.04
2021-12-31,2258.800048828125,2231.39990234375,2242.800048828125,-0.18
2022-01-03,2284.39990234375,2244.199951171875,2269.39990234375,1.19
2022-01-04,2288.60009765625,2250.800048828125,2266.5,-0.13
2022-01-05,2276.39990234375,2187.5,2190.60009765625,-3.35
2022-01-06,2220.5,2173.699951171875,2202.699951171875,0.55
2022-01-07,2219.800048828125,2173.199951171875,2175.89990234375,-1.22
2022-01-10,2184.10009765625,2125.89990234375,2168.0,-0.36
2022-01-11,2194.0,2144.5,2190.39990234375,1.03
2022-01-12,2209.300048828125,2161.300048828125,2173.10009765625,-0.79
2022-01-13,2197.5,2148.800048828125,2155.5,-0.81
2022-01-14,2163.300048828125,2120.199951171875,2157.699951171875,0.1
2022-01-18,2168.60009765625,2089.300048828125,2092.10009765625,-3.04
2022-01-19,2108.39990234375,2054.199951171875,2059.199951171875,-1.57
2022-01-20,2104.300048828125,2010.5999755859373,2021.199951171875,-1.85
2022-01-21,2044.199951171875,1982.0,1985.4000244140625,-1.77
2022-01-24,2038.0,1925.199951171875,2031.699951171875,2.33
2022-01-25,2036.0,1958.9000244140625,2001.300048828125,-1.5
